,name,address,sido,gugun
0,계명,대구시 남구 양지로 107,대구시,남구
1,대명1호,대구 남구 대명동 1098-4,대구,남구
2,봉덕,대구 남구 봉덕동 687-32,대구,남구
3,앞산,대구 남구 대명동 780-3,대구,남구
4,이천대봉,대구 남구 이천동 184-9,대구,남구
5,감삼성당,대구 달서구 감삼동 317-3,대구,달서구
6,대곡,대구 달서구 도원동 1442-2 1층 107호,대구,달서구
7,상인,대구 달서구 상인동 1555-1,대구,달서구
8,성서,대구 달서구 신당동 1763-2,대구,달서구
9,송현(대구),대구 달서구 송현1동 207-2,대구,달서구
10,신월성,대구 달서구 월성동 1264번지 트럼프스타 B/D 106호,대구,달서구
11,용산,대구 달서구 용산1동 954-6,대구,달서구
12,용산새방,대구 달서구 용산동 499-2,대구,달서구
13,장기,대구 달서구 장기동 566-4,대구,달서구
14,진천(대구),대구 달서구 진천동 508,대구,달서구
15,강화,인천 강화군 강화읍 갑곳리 199-1,인천,강화군
16,계산1호,인천 계양구 계산동 1081-10,인천,계양구
17,계산2호,인천 계양구 계산3동 61-2,인천,계양구
18,임학박촌,인천 계양구 박촌동 52-3,인천,계양구
19,작전1호,인천 계양구 작전동 149-1,인천,계양구
20,효성1호,"인천 계양구 효성1동 21-11 현대아파트 상가동 101호, 102호, 103호",인천,계양구
21,효성2호,인천 계양구 효성2동 273-3,인천,계양구
22,관교,인천 남구 관교동 321-5,인천,남구
23,용현2동,인천 남구 용현동 558-32,인천,남구
24,용현5동,인천 남구 용현동 630-45,인천,남구
25,주안1호,인천 남구 주안동 1523-2,인천,남구
26,주안3호,인천 남구 주안동 929-11,인천,남구
27,학익1호,인천 남구 학익동 293-37,인천,남구
28,간석1호,인천 남동구 구월동 70-80,인천,남동구
29,구월,인천 남동구 구월동 1133-13,인천,남동구
30,논현1호(인천),인천 남동구 논현동 620-8,인천,남동구
31,논현에코메트로,인천 남동구 논현동 752-1,인천,남동구
32,만수1호,인천 남동구 만수동 1045 103호,인천,남동구
33,만수2호,인천 남동구 만수2동 5-440,인천,남동구
34,만수3호,인천 남동구 간석3동 921-14,인천,남동구
35,서창,인천 남동구 서창동 706,인천,남동구
36,간석1호,인천 남동구 구월동 70-80,인천,남동구
37,구월,인천 남동구 구월동 1133-13,인천,남동구
38,논현1호(인천),인천 남동구 논현동 620-8,인천,남동구
39,논현에코메트로,인천 남동구 논현동 752-1,인천,남동구
40,만수1호,인천 남동구 만수동 1045 103호,인천,남동구
41,만수2호,인천 남동구 만수2동 5-440,인천,남동구
42,만수3호,인천 남동구 간석3동 921-14,인천,남동구
43,서창,인천 남동구 서창동 706,인천,남동구
44,송현(인천),인천 동구 송림동 234-1,인천,동구
45,부개1동,인천 부평구 부개동 265-3,인천,부평구
46,부개3동,인천 부평구 부개동 12-127,인천,부평구
47,부평1호,인천 부평구 부평동 451-30,인천,부평구
48,부평2호,인천 부평구 부평동 889-8,인천,부평구
49,산곡1호,인천 부평구 산곡동 369-270,인천,부평구
50,산곡2호,인천 부평구 산곡동 119-54,인천,부평구
51,산곡3호,인천 부평구 산곡2동 251-1,인천,부평구
52,삼산(부평),인천 부평구 삼산동 433-1,인천,부평구
53,십정1호,인천 부평구 십정동 417-3,인천,부평구
54,송촌1호,대전 대덕구 송촌동 454-4,대전,대덕구
55,신탄진,대전 대덕구 석봉동 309-1,대전,대덕구
56,한남대,대전 대덕구 한남로 오정동 223-260,대전,대덕구
57,가오천동,대전 동구 가오동 235-12,대전,동구
58,비래,대전 동구 가양동 88-1 조일아파트상가 A동,대전,동구
59,용운,대전 동구 용운동 306-3,대전,동구
60,자양대동,대전 동구 대동 192-1,대전,동구
61,가장내동,대전 서구 가장동 50-45,대전,서구
62,갈마1호,대전 서구 갈마2동 404-2 푸른아파트 상가 107-2,대전,서구
63,관저느리울,대전 서구 관저동 1354,대전,서구
64,도마1호,대전 서구 도마동 114-19,대전,서구
65,도안2지구,대전 서구 가수원동 1036,대전,서구
66,둔산1호,대전 서구 둔산2동 1093,대전,서구
67,둔산2호,대전 서구 둔산동 1851,대전,서구
68,만년,대전 서구 만년동 316,대전,서구
69,복수,대전 서구 복수동 622,대전,서구
70,월평1호,대전 서구 월평1동 845번지,대전,서구
71,탄방,대전 서구 탄방동 723,대전,서구
72,관저1호,대전 유성구 원내동 829 외 1필지,대전,유성구
73,관평,대전 유성구 관평동 1056,대전,유성구
74,노은1지구,대전 유성구 노은동 553-9 스타돔 120호,대전,유성구
75,노은2지구,대전 유성구 지족동 985-2,대전,유성구
76,도안1지구,대전 유성구 상대동 469-9,대전,유성구
77,송강,대전 유성구 봉산동 198-13,대전,유성구
78,신성,대전 유성구 신성동 137-15,대전,유성구
79,유성,대전 유성구 봉명동 621-1,대전,유성구
80,전민,대전 유성구 전민동 306-13,대전,유성구
81,대사부사,대전 중구 대사동 69-53,대전,중구
82,문화1호,대전 중구 문화동 466-16,대전,중구
83,용두오류,대전 중구 용두동 26-1,대전,중구
84,중촌,대전 중구 중촌동 98-16,대전,중구
85,태평1호,대전 중구 유천동 326-13,대전,중구
86,공업탑,울산 남구 신정동 1218-7,울산,남구
87,달동,울산 남구 달동 135-2,울산,남구
88,무거1호,울산 남구 무거동 1484-2,울산,남구
89,삼산(울산),울산 남구 달동 1331-20,울산,남구
90,삼산2호,울산 남구 삼산동 203-15,울산,남구
91,수암,울산 남구 신정4동 870-9,울산,남구
92,신정3동(구 신정3호점),울산 남구 신정3동 177-1,울산,남구
93,야음1호,울산 남구 선암동 679-3,울산,남구
94,야음2호,울산 남구 야음1동 455-8,울산,남구
95,옥동(울산),울산 남구 옥동 1406-17,울산,남구
96,울대,울산 남구 무거동 583-17,울산,남구
97,남목서부,울산 동구 서부동 181-31,울산,동구
98,방어,울산 동구 방어동 1149-1,울산,동구
99,전하,울산 동구 전하2동 634-4,울산,동구
100,화정,울산 동구 화정동 438-3,울산,동구
101,강동산하,울산 북구 산하동 89,울산,북구
102,양정염포,울산 북구 양정동 497-11,울산,북구
103,진장명촌,울산 북구 명촌동 692-3,울산,북구
104,호계1호(울산),울산 북구 호계동 286-15,울산,북구
105,호계2호,울산 북구 신천동 107-4,울산,북구
106,화봉,울산 북구 연암동 414-3,울산,북구
107,구영,울산 울주군 범서읍 구영리 801-6,울산,울주군
108,남창,울산 울주군 온양읍 운화리 56-6,울산,울주군
109,덕신,울산 울주군 덕신리 1294-2,울산,울주군
110,언양,울산 울주군 언양읍 동부리 147-1,울산,울주군
111,웅촌,울산 울주군 청량면 삼정리 755-1 가동 216호,울산,울주군
112,천상,울산 울주군 범서읍 천상리 650-5,울산,울주군
113,다운,울산 중구 다운동 536-1,울산,중구
114,반구1호,울산 중구 반구동 874-3,울산,중구
115,반구2호,울산 중구 반구동 99-17,울산,중구
116,복산,울산 중구 복산동 399-12,울산,중구
117,성안,울산 중구 성안동 804-10,울산,중구
118,약사병영,울산 중구 약사동 629-17,울산,중구
119,옥교,울산 중구 학산동 3-27,울산,중구
120,우정,울산 중구 우정동 436-41,울산,중구
121,태화,울산 중구 태화동 117-2,울산,중구
122,한솔,세종 한솔동 927,세종,한솔동
123,도담,세종 도담동 245-1,세종,도담동
124,보람,세종시 보람동 628-4,세종시,보람동
125,고운,세종 고운동 1718,세종,고운동
126,가평,경기 가평군 가평읍 대곡리 230-23,경기,가평군
127,청평,경기 가평군 청평면 청평리 452-5,경기,가평군
128,현리,경기 가평군 하면 현리 259-7,경기,가평군
129,고양동,경기 고양시 덕양구 고양동 176-8 104호,경기,고양시
130,무원마을,경기 고양시 덕양구 행신동 719-9 (1층103호),경기,고양시
131,삼송,경기도 고양시 덕양구 신원동 626-1 1층 상가 5~6호,경기도,고양시
132,원당,경기 고양시 덕양구 성사동 519-2,경기,고양시
133,행신1호,경기 고양시 덕양구 행신동 995-2,경기,고양시
134,화정1호(고양),경기 고양시 덕양구 화정동 906-5 1층 102호,경기,고양시
135,강선,경기 고양시 일산동구 정발산동 717-3,경기,고양시
136,밤가시후곡,경기 고양시 일산동구 정발산동 1093,경기,고양시
137,백마강촌,경기 고양시 일산동구 마두1동 734 백마마을4단지상가 106호,경기,고양시
138,백송,경기 고양시 일산동구 백석동 1225 중앙프라자 103호,경기,고양시
139,식사,경기 고양시 일산동구 식사동 1531,경기,고양시
140,중산,경기 고양시 일산동구 중산동 1667-3,경기,고양시
141,호수,경기 고양시 일산동구 백석동 1414-15,경기,고양시
142,구일산,경기 고양시 일산서구 일산동 967-6,경기,고양시
143,대화,경기 고양시 일산서구 대화동 2126-2 (동남빌딩 101호),경기,고양시
144,주엽,경기 고양시 일산서구 주엽2동 138 애비뉴상가 1층 1068호,경기,고양시
145,탄현,경기 고양시 일산서구 탄현동 1501-4,경기,고양시
146,과천1호,경기 과천시 원문동 4 레미안 슈르 A상가(4번지)동 제1층 1023호,경기,과천시
147,광명1호,경기 광명시 광명동 295-4,경기,광명시
148,소하1호,경기 광명시 소하동 1240-3,경기,광명시
149,소하2호,"경기 광명시 소하동 1363, 신촌 휴먼시아 상가 106호",경기,광명시
150,철산1호,경기 광명시 철산동 210-1,경기,광명시
151,철산2호,경기 광명시 철산동 92-1,경기,광명시
152,하안1호,"경기 광명시 하안동 35-5, 영보빌딩 102호",경기,광명시
153,곤지암,경기 광주시 곤지암읍 곤지암리 443-9,경기,광주시
154,광주1호,경기 광주시 경안동 154-1,경기,광주시
155,신현,경기 광주시 오포읍 신현리 371-4,경기,광주시
156,태전(경기광주),경기 광주시 태전동 261-14,경기,광주시
157,수택,경기 구리시 교문동 760-12,경기,구리시
158,인창,경기 구리시 인창동 527-17,경기,구리시
159,토평,경기 구리시 토평동 999-2,경기,구리시
160,당동1호,경기 군포시 당동 904-5 그린프라자 102호,경기,군포시
161,부곡(부곡),경기 군포시 부곡동 1120-4,경기,군포시
162,산본1호,경기 군포시 산본동 1106-3 101호,경기,군포시
163,산본3호,경기 군포시 산본동 48 에덴다모은정아파트 1층,경기,군포시
164,산본역,경기 군포시 산본동 1142-6,경기,군포시
165,호계3호,경기 군포시 당정동 2-3,경기,군포시
166,고촌,경기 김포시 고촌면 신곡리 1052,경기,김포시
167,구래,경기 김포시 구래동 6883-1,경기,김포시
168,사우,경기 김포시 사우동 998,경기,김포시
169,운양,경기 김포시 운양동 1297-6 승문리앤포레 1차 1층,경기,김포시
170,장기1호,경기 김포시 장기동 장기동 1360,경기,김포시
171,통진1호,경기 김포시 서암리 758-79,경기,김포시
172,풍무,경기 김포시 풍무동 429-11,경기,김포시
173,다산신도시1호,경기 남양주시 다산동 산3006-2,경기,남양주시
174,덕소1호,경기 남양주시 와부읍 덕소리 141-91,경기,남양주시
175,도농1호,경기 남양주시 도농동 153-5,경기,남양주시
176,마석,경기 남양주시 화도읍 마석우리 384-8,경기,남양주시
177,별내1호,경기 남양주시 별내동 1078-3,경기,남양주시
178,별내2호,경기 남양주시 별내동 846-7,경기,남양주시
179,오남,경기 남양주시 오남읍 오남리 205-19,경기,남양주시
180,진건,경기 남양주시 진건읍 사능리 353-4,경기,남양주시
181,진접장현리,경기 남양주시 진접읍 장현리 672-1,경기,남양주시
182,진접지구,경기 남양주시 진접읍 금곡리 1041-1,경기,남양주시
183,창현,경기 남양주시 화도읍 창현리 462-3,경기,남양주시
184,퇴계원,경기 남양주시 퇴계원면 퇴계원리 290-14,경기,남양주시
185,평내,경기 남양주시 평내동 203-2,경기,남양주시
186,호평,경기 남양주시 호평동 650-1,경기,남양주시
187,송내(동두천),경기 동두천시 지행동 694 예일 복합타워 114호,경기,동두천시
188,괴안,경기 부천시 소사구 괴안동 39-2,경기,부천시
189,소사범박,경기 부천시 소사구 소사본동 139-9,경기,부천시
190,송내(부천),경기 부천시 소사구 송내1동 366-13,경기,부천시
191,심곡1호,경기 부천시 소사구 심곡본동 678-17,경기,부천시
192,고강1호,경기 부천시 오정구 고강1동 305-4,경기,부천시
193,원종도당,경기 부천시 오정구 원종1동 281-15,경기,부천시
194,복사골,경기 부천시 원미구 중동 716-4,경기,부천시
195,상동1호,경기 부천시 원미구 상2동 546-6 110호,경기,부천시
196,상동역,경기 부천시 원미구 상동 523-3 대동프라자 1층 107호,경기,부천시
197,송내로데오,경기 부천시 원미구 상동 400-2,경기,부천시
198,신중동,경기 부천시 원미구 중동 1141-1,경기,부천시
199,역곡2동,경기 부천시 원미구 역곡동 48-5,경기,부천시
200,중동2호,경기 부천시 원미구 중4동 1033-3,경기,부천시
201,중동꿈마을,경기 부천시 원미구 심곡동 93-1,경기,부천시
202,동판교,경기 성남시 분당구 삼평동 664,경기,성남시
203,무지개마을,경기 성남시 분당구 구미동 212-2,경기,성남시
204,미금,경기 성남시 분당구 구미동 47-1,경기,성남시
205,서판교,경기 성남시 분당구 판교동 612-3,경기,성남시
206,서현,"경기 성남시 분당구 서현동 89-7, 삼성한신근린상가",경기,성남시
207,수내1호,경기 성남시 분당구 수내동 32 양지마을청구아파트,경기,성남시
208,아름마을,"경기 성남시 분당구 야탑동 533-8, 미라보상가 1층 7호",경기,성남시
209,야탑1호,경기 성남시 분당구 야탑동 272-4,경기,성남시
210,정자,경기 성남시 분당구 정자동 17-5,경기,성남시
211,효자(분당),경기 성남시 분당구 서현동 298-3  효자촌프라자 119호,경기,성남시
212,수진1호,경기 성남시 수정구 수진동 88번지 102호,경기,성남시
213,신흥1호,경기 성남시 수정구 신흥동 34,경기,성남시
214,태평1동,경기 성남시 수정구 태평동 6974-1,경기,성남시
215,금광1호,경기 성남시 중원구 금광동 2706,경기,성남시
216,상대원1호,경기 성남시 중원구 상대원동 5027,경기,성남시
217,은행1호(성남),경기 성남시 중원구 은행동 663-3,경기,성남시
218,고색,경기 수원시 권선구 고색동 31-4,경기,수원시
219,곡반정,경기 수원시 권선구 곡반정동 584-4,경기,수원시
220,권선1호,경기 수원시 권선구 권선동 1260-5,경기,수원시
221,금곡1호,경기 수원시 권선구 금곡동 1088-1,경기,수원시
222,매교,경기 수원시 권선구 세류동 97-5,경기,수원시
223,탑동(수원),경기 수원시 권선구 탑동 766-2,경기,수원시
224,호매실,경기 수원시 권선구 금곡동 1137-3,경기,수원시
225,광교1호,경기 수원시 영통구 이의동 1332 CB 4~5호,경기,수원시
226,매탄1호,경기 수원시 영통구 매탄동 1170-4,경기,수원시
227,매탄2호,경기 수원시 영통구 매탄2동 199-69,경기,수원시
228,매탄3호,경기 수원시 영통구 매탄4동 208-21,경기,수원시
229,신영통1호,경기 수원시 영통구 망포동 369-3,경기,수원시
230,영통1호,경기 수원시 영통구 영통동 1005-1,경기,수원시
231,영통2호,"경기 수원시 영통구 영통동 945-4, 한솔프라자 109호",경기,수원시
232,연무1호,경기 수원시 장안구 연무동 249-13,경기,수원시
233,율전1호,경기 수원시 장안구 율전동 305-6,경기,수원시
234,정자1호,경기 수원시 장안구 정자동 41-2,경기,수원시
235,정자2호,"경기 수원시 장안구 천천동 502-6, 1층",경기,수원시
236,조원1호,경기 수원시 장안구 조원동 729-12,경기,수원시
237,파장,경기 수원시 장안구 송죽동 216-1,경기,수원시
238,아주대,경기 수원시 팔달구 우만동 85-3 우만동R타워,경기,수원시
239,우만1호,경기 수원시 팔달구 우만1동 466-4,경기,수원시
240,화서1호,"경기 수원시 팔달구 화서동 703 꽃뫼양지마을(대우아파트) 상가 105, 106호",경기,수원시
241,화서2호,경기 수원시 팔달구 화서동 185-3,경기,수원시
242,거모,경기 시흥시 거모동 1757-1,경기,시흥시
243,능곡,경기 시흥시 능곡동 545,경기,시흥시
244,목감신도시1호,경기 시흥시 목감동 410-2,경기,시흥시
245,배곧신도시1호,"경기 시흥시 정왕동 2475 에이플러스 115, 116호",경기,시흥시
246,신천1호(시흥),경기 시흥시 신천동 707-50,경기,시흥시
247,은행1호(시흥),경기 시흥시 대야동 580-4,경기,시흥시
248,장곡,"경기 시흥시 장곡동 823-5, 동서빌딩",경기,시흥시
249,정왕1호,경기 시흥시 정왕동 1593-2,경기,시흥시
250,정왕2호,경기 시흥시 정왕동 1859-3,경기,시흥시
251,정왕3호,"경기 시흥시 정왕동 1726-1, 광개토빌딩 104호",경기,시흥시
252,고잔1호,경기 안산시 단원구 고잔동 756-1,경기,안산시
253,고잔2호,경기 안산시 단원구 와동 685-6,경기,안산시
254,선부1호,경기 안산시 단원구 선부동 1064-5,경기,안산시
255,원곡1호,경기 안산시 단원구 원곡동 754-6,경기,안산시
256,중앙(안산),경기 안산시 단원구 고잔동 540-7,경기,안산시
257,반월,경기 안산시 상록구 건건동 650-1,경기,안산시
258,본오1호,경기 안산시 상록구 본오동 879-10,경기,안산시
259,부곡(안산),경기 안산시 상록구 부곡동 670-2,경기,안산시
260,사동1호,경기 안산시 상록구 사동 1201,경기,안산시
261,사동2호,경기 안산시 상록구 사동 1376-7,경기,안산시
262,월피,"경기 안산시 상록구 월피동 442-26, 1층",경기,안산시
263,일동,경기 안산시 상록구 일동 89-3,경기,안산시
264,공도1호,경기 안성시 공도읍 만정리 417-98,경기,안성시
265,안성1호,경기 안성시 연지동 94,경기,안성시
266,안성2호,경기 안성시 인지동 397-1,경기,안성시
267,진사리,"경기 안성시 공도읍 진사리 348, 서지프라자 106호",경기,안성시
268,강남,강원 강릉시 노암동 708-1,강원,강릉시
269,교동1호,강원 강릉시 교1동 1863-3,강원,강릉시
270,성덕,강원 강릉시 입암동 498-13,강원,강릉시
271,주문진,강원 강릉시 주문진읍 교항리 119-11,강원,강릉시
272,포남,강원 강릉시 포남1동 1140-1,강원,강릉시
273,고성(강원),강원 고성군 간성읍 신안리 218,강원,고성군
274,묵호,강원 동해시 부곡동 74-5,강원,동해시
275,북삼,강원 동해시 쇄운동 84-5,강원,동해시
276,천곡,강원 동해시 천곡동 872,강원,동해시
277,삼척,강원 삼척시 남양동 17-2,강원,삼척시
278,교동,강원 속초시 교동 974-2,강원,속초시
279,동명,강원 속초시 동명동 1-18,강원,속초시
280,조양,강원 속초시 조양동 1540 부영파아트 상가동 102호,강원,속초시
281,양구,강원 양구군 양구읍 상리 227-105,강원,양구군
282,양양,강원 양양군 양양읍 남문리 125,강원,양양군
283,영월,강원 영월군 영월읍 하송리 178-2,강원,영월군
284,개운,강원 원주시 개운동 395-23,강원,원주시
285,늘품,강원 원주시 반곡동 1767-54,강원,원주시
286,단계,강원 원주시 단계동 837,강원,원주시
287,단구,강원 원주시 관설동 1701-4,강원,원주시
288,명륜(원주),강원 원주시 명륜동 539,강원,원주시
289,무실,강원 원주시 무실동 1664-3,강원,원주시
290,문막,강원 원주시 문막읍 건등리 1705-3,강원,원주시
291,우산,강원 원주시 우산동 226-10,강원,원주시
292,일산,강원 원주시 원동 278-7,강원,원주시
293,태장,강원 원주시 태장동 북원로 2716-1,강원,원주시
294,혁신(원주),강원 원주시 반곡동 1880-7,강원,원주시
295,원통,강원 인제군 북면 원통리 645-32,강원,인제군
296,사북고한,강원 정선군 사북읍 사북리 344-56,강원,정선군
297,교대,강원 춘천시 석사동 291-15,강원,춘천시
298,석사1호,강원 춘천시 석사동 748-18(33통405),강원,춘천시
299,신사우동,강원 춘천시 우두동 1052-29,강원,춘천시
300,춘천시청,강원 춘천시 소양로 3가 181-9,강원,춘천시
301,퇴계2호,강원 춘천시 퇴계동 87,강원,춘천시
302,효자(춘천),강원 춘천시 효자1동 661-16,강원,춘천시
303,후평1호,강원 춘천시 후평동 836-1,강원,춘천시
304,후평사거리,강원 춘천시 후평1동 693-4,강원,춘천시
305,태백1호,강원 태백시 상장동 87-36,강원,태백시
306,대관령,강원 평창군 횡계리 354-8,강원,평창군
307,홍천,강원 홍천군 홍천읍 신장대리 8-9,강원,홍천군
308,사창,강원 화천군 사내면 사창리 457-12,강원,화천군
309,화천,강원 화천군 화천읍 하리 44-45,강원,화천군
310,횡성,강원 횡성군 횡성읍 읍하리 107-48,강원,횡성군
311,단양,충북 단양군 단양읍 도전리 523,충북,단양군
312,보은,충북 보은군 보은읍 삼산리 153-2,충북,보은군
313,금왕,충북 음성군 금왕군 무극리 629,충북,음성군
314,대소,충북 음성군 대소면 태생리 539-170,충북,음성군
315,음성,충북 음성군 음성읍 읍내리 354-3,충북,음성군
316,음성혁신도시,충북 음성군 맹동면 두성리 1251,충북,음성군
317,장호원감곡,충북 음성군 감곡면 왕장리 523-8,충북,음성군
318,강제,충북 제천시 강제동 832,충북,제천시
319,명동,충북 제천시 명동 198번지,충북,제천시
320,신백,충북 제천시 신백동 214-7,충북,제천시
321,장락,충북 제천시 장락동 877,충북,제천시
322,청전,충북 제천시 의림동 7-26,충북,제천시
323,증평,충북 증평군 증평읍 초중리 8-1,충북,증평군
324,광혜원,충북 진천군 광혜원면 광혜원리 503-7,충북,진천군
325,진천(충북),충북 진천군 진천읍 읍내리 415-2,충북,진천군
326,오창1호,충북 청원군 오창면 각리 650-1,충북,청원군
327,금천광장,충북 청주시 상당구 용담동 395,충북,청주시
328,용암1호,충북 청주시 상당구 용암동 2163번지,충북,청주시
329,우암동,충북 청주시 상당구 우암동 123-81,충북,청주시
330,분평,충북 청주시 서원구 분평동 1234,충북,청주시
331,가경2호,충북 청주시 흥덕구 개신동 696 매직타워 1층 110호,충북,청주시
332,강서,충북 청주시 흥덕구 가경동 1849,충북,청주시
333,복대1호,충북 청주시 흥덕구 복대동 865-4,충북,청주시
334,봉명1호,충북 청주시 흥덕구 봉명동 2813,충북,청주시
335,사직1호(청주),충북 청주시 흥덕구 사직2동 595-12,충북,청주시
336,산남성화,충북 청주시 흥덕구 성화동 886번지 101호,충북,청주시
337,오송,충북 청주시 흥덕구 오송읍 호송읍 만수리 521,충북,청주시
338,운천신봉,충북 청주시 흥덕구 운천동 1366,충북,청주시
339,하복대,충북 청주시 흥덕구 복대동 2960,충북,청주시
340,갱고개,충북 충주시 갱고개로 41,충북,충주시
341,봉방문화교현,충북 충주시 교현동 634-17,충북,충주시
342,성내용산,충북 충주시 용산동 598,충북,충주시
343,연수,충북 충주시 연수동 1610,충북,충주시
344,계룡대,충남 계룡시 엄사면 엄사리 253-2,충남,계룡시
345,신관,충남 공주시 신관동 24-25,충남,공주시
346,옥룡,충남 공주시 옥룡동 308-1,충남,공주시
347,금산(충남),충남 금산군 금산읍 상리 47-10,충남,금산군
348,취암,충남 논산시 내동 628,충남,논산시
349,기지시,충남 당진시 반촌리 861-20,충남,당진시
350,복운,충남 당진시 송악면 복운리 1642-11,충남,당진시
351,신평,충남 당진시 신평면 거산리 13-4번지 1층,충남,당진시
352,읍내(당진),충남 당진시 읍내동 850,충남,당진시
353,채운,충남 당진시 읍내동 1541,충남,당진시
354,합덕,충남 당진시 합덕읍 운산리 266-2,충남,당진시
355,동대,충남 보령시 동대동 1766,충남,보령시
356,부여,충남 부여군 부여읍 관북리 133-5,충남,부여군
357,대산,충남 서산시 대산읍 산리 129-5,충남,서산시
358,동문,충남 서산시 동문동 406-2,충남,서산시
359,서산테크노,충남 서산시 오사리 1666,충남,서산시
360,석림,충남 서산시 동문동 999-6,충남,서산시
361,읍내(서산),충남 서산시 읍내동 276-5,충남,서산시
362,서천,충남 서천군 군사리 718-11,충남,서천군
363,권곡,충남 아산시 권곡동 549-26,충남,아산시
364,배미,충남 아산시 배미동 239-17,충남,아산시
365,배방1호,충남 아산시 배방읍 공수리 89-28,충남,아산시
366,온천,충남 아산시 온천동 1310,충남,아산시
367,용화,충남 아산시 용화동 714,충남,아산시
368,탕정지중해,충남 아산시 명암리 943-1,충남,아산시
369,예산,충남 예산군 예산읍 산성리 709-4,충남,예산군
370,목천,충남 천안시 동남구 목천읍 신계리 134-18,충남,천안시
371,병천,충남 천안시 동남구 병천면 병천리 156-5,충남,천안시
372,신방1호,충남 천안시 동남구 신방동 74-19 부흥빌딩 104호,충남,천안시
373,신방통정,충남 천안시 동남구 신방동 1538,충남,천안시
374,신부1호,충남 천안시 동남구 신부동 728,충남,천안시
375,원성,충남 천안시 동남구 원성2동 518-4,충남,천안시
376,청수,충남 천안시 동남구 청당동 513,충남,천안시
377,두정,충남 천안시 서북구 성정2동 1211,충남,천안시
378,백석(천안),충남 천안시 서북구 백석동 910번지 주공아파트상가 103호,충남,천안시
379,불당,충남 천안시 서북구 불당동 1630,충남,천안시
380,성거,충남 천안시 서북구 성거읍 저리 65-1,충남,천안시
381,성환1호,충남 천안시 서북구 성환읍 매주리 325-5 외 1,충남,천안시
382,직산1호,충남 천안시 서북구 직산읍 삼은리 76-177,충남,천안시
383,차암,충남 천안시 서북구 차암동 514,충남,천안시
384,태안,충남 태안군 태안읍 동문리 264-7,충남,태안군
385,내포1호,충남 홍성군 홍북면 신경리 1181번지 승우빌딩 107호,충남,홍성군
386,오관,충남 홍성군 홍성읍 대교리 577,충남,홍성군
387,고창,전북 고창군 고창읍 교촌리 506,전북,고창군
388,구암조촌,전북 군산시 조촌동 2-21,전북,군산시
389,군산대,전북 군산시 미룡동 867-2,전북,군산시
390,나운1호,전북 군산시 나운동 834-7,전북,군산시
391,미장수송,전북 군산시 수송동 836-8,전북,군산시
392,소룡산북,전북 군산시 소룡동 1545-5번지,전북,군산시
393,지곡,전북 군산시 지곡동 495-1,전북,군산시
394,김제,전북 김제시 신풍동 594-4번지,전북,김제시
395,남원,전북 남원시 도통동 387-12,전북,남원시
396,무주,전북 무주군 무주읍 읍내리 962,전북,무주군
397,무주구천,전북 무주군 설천면 삼공리 364-4,전북,무주군
398,부안,전북 부안군 부안읍 봉덕리 826-1,전북,부안군
399,순창,전북 순창군 순창읍 순화리 282-6,전북,순창군
400,봉동,전북 완주군 봉동읍 둔산리 907-5  101호,전북,완주군
401,삼례우석대,전북 완주군 삼례읍 후정리 13-8,전북,완주군
402,동산,전북 익산시 마동 344-5,전북,익산시
403,모현,전북 익산시 모현동1가 857,전북,익산시
404,부송,전북 익산시 부송동 710-5,전북,익산시
405,영등1호,전북 익산시 영등동 765-4,전북,익산시
406,영등2호,전북 익산시 영등동 843-5,전북,익산시
407,원광대,"전북 익산시 신동 764-4 시즈퍼스트 상가112호, 113호",전북,익산시
408,임실,전북 임실군 임실읍 이도리 294,전북,임실군
409,동산조촌,전북 전주시 덕진구 반월동 230-6,전북,전주시
410,솔내,전북 전주시 덕진구 송천동1가 405-1,전북,전주시
411,송천,전북 전주시 덕진구 송천동2가 179-116,전북,전주시
412,아중,전북 전주시 덕진구 인후동1가 834-4,전북,전주시
413,전북대,전북 전주시 덕진구 덕진동1가 1314-201,전북,전주시
414,하가덕진,전북 전주시 덕진구 덕진동2가 670-1,전북,전주시
415,혁신(전북 전주),전북 전주시 덕진구 중동 781-5,전북,전주시
416,호성,전북 전주시 덕진구 호성동1가 757-26,전북,전주시
417,삼천1호,전북 전주시 완산구 삼천동1가 621,전북,전주시
418,서곡효자,전북 전주시 완산구 효자동3가 1609-16,전북,전주시
419,서신,전북 전주시 완산구 서신동 938-5,전북,전주시
420,신시가지,전북 전주시 완산구 효자동2가 1327-1,전북,전주시
421,안행,전북 전주시 완산구 효자동1가 202-1,전북,전주시
422,중앙(전주),전북 전주시 완산구 고사동 470-3,전북,전주시
423,중화산,전북 전주시 완산구 중화산동2가 777-6,전북,전주시
424,평화1호,전북 전주시 완산구 평화동2가 230-112,전북,전주시
425,효자(전주),전북 전주시 완산구 효자동1가 652,전북,전주시
426,상동,전북 정읍시 장명동 169-10,전북,정읍시
427,수성(정읍),전북 정읍시 수성동 944-9,전북,정읍시
428,진안,전북 진안군 진안읍 군상리 286-1,전북,진안군
429,강진,전남 강진군 강진읍 남성리 5-4,전남,강진군
430,경산,경북 경산시 옥산동 758-10(1층),경북,경산시
431,경산오거리,경북 경산시 중방동 880-23,경북,경산시
432,계양사동,경북 경산시 사동 663-6,경북,경산시
433,영대,경북 경산시 압량면 신대리 497,경북,경산시
434,진량,경북 경산시 진량읍 봉회리 81-3,경북,경산시
435,하양,경북 경산시 하양읍 금락리 130-18,경북,경산시
436,동천(경주),경북 경주시 동천동 791,경북,경주시
437,성건중앙,경북 경주시 성건동 625-13,경북,경주시
438,안강,경북 경주시 안강읍 산대리 2400-2,경북,경주시
439,충효,경북 경주시 충효동 3002-1,경북,경주시
440,황성,경북 경주시 황성동 893-3,경북,경주시
441,도량,경북 구미시 도량동 262-1,경북,구미시
442,봉곡,경북 구미시 봉곡동 302-4,경북,구미시
443,상모,경북 구미시 상모동 42-7,경북,구미시
444,선산,경북 구미시 선산읍 동부리 416,경북,구미시
445,송정(구미),경북 구미시 송정동 38-5 우방타운 206동2호,경북,구미시
446,신평공단,경북 구미시 신평동 129-2,경북,구미시
447,옥계,경북 구미시 옥계동 843-1,경북,구미시
448,원평,경북 구미시 원평동 84-5,경북,구미시
449,원호,경북 구미시 고아읍 원호리 442-2,경북,구미시
450,인동,경북 구미시 인의동 341-2,경북,구미시
451,진평,경북 구미시 진평동 29-5,경북,구미시
452,형곡,경북 구미시 형곡동 152-4,경북,구미시
453,김천,경북 김천시 신음동 1301-4,경북,김천시
454,김천혁신,경북 김천시 율곡동 364,경북,김천시
455,부곡(김천),경북 김천시 부곡동 426-1,경북,김천시
456,점촌,경북 문경시 모전동 866,경북,문경시
457,상주,경북 상주시 무양동 213-3,경북,상주시
458,성주,경북 성주군 성주읍 성산리 2102-4,경북,성주군
459,경북도청,경북 안동시 풍천면 갈전리 1325,경북,안동시
460,금곡,경북 안동시 당북동 311-8,경북,안동시
461,송현오거리,경북 안동시 송현동 260-5,경북,안동시
462,옥동(안동),경북 안동시 옥동 791-2,경북,안동시
463,용상,경북 안동시 용상동 1179-188,경북,안동시
464,가흥,경북 영주시 가흥동 1881,경북,영주시
465,영주,경북 영주시 휴천동 642-362,경북,영주시
466,중앙(영주),경북 영주시 영주2동 536-15,경북,영주시
467,풍기,경북 영주시 풍기읍 성내리 60,경북,영주시
468,영천1호,경북 영천시 망정동175-12,경북,영천시
469,울진,경북 울진군 울진읍 읍내리 576-1,경북,울진군
470,청도,경북 청도군 청도읍 고수리 503,경북,청도군
471,북삼,경북 칠곡군 북삼읍 인평리 246-3,경북,칠곡군
472,석적,경북 칠곡군 석적읍 중리 203-5,경북,칠곡군
473,왜관,경북 칠곡군 왜관읍 왜관리 237-19,경북,칠곡군
474,구룡포,경북 포항시 남구 구룡포읍 구룡포1리 742,경북,포항시
475,남부(포항),경북 포항시 남구 대도동 124-13,경북,포항시
476,대해중앙,경북 포항시 남구 대도동 97-4,경북,포항시
477,송도,경북 포항시 남구 해도동 25-28,경북,포항시
478,연일,경북 포항시 남구 생지리 157-9,경북,포항시
479,오천,경북 포항시 남구 오천읍 원리 913-2,경북,포항시
480,효곡,경북 포항시 남구 효자동 579-1 풍림아이원상가 107호,경북,포항시
481,양덕(포항),경북 포항시 북구 양덕동 1574,경북,포항시
482,양학대이,경북 포항시 북구 득량동 2-1,경북,포항시
483,용흥,경북 포항시 북구 용흥동 370,경북,포항시
484,우현,경북 포항시 북구 우현동 산15-6,경북,포항시
485,장성,경북 포항시 북구 장성동 1355-4,경북,포항시
486,죽도,경북 포항시 북구 대흥동 592-2,경북,포항시
487,환호장량,경북 포항시 북구 장성동 1378-3,경북,포항시
488,흥해,경북 포항시 북구 흥해읍 옥성리 403-7,경북,포항시
489,고현상동,경남 거제시 고현동 406-18,경남,거제시
490,아주,경남 거제시 아주동 1178-2,경남,거제시
491,옥포,경남 거제시 옥포동 160-1,경남,거제시
492,장평,경남 거제시 장평동 274,경남,거제시
493,중곡수월,경남 거제시 고현동 997,경남,거제시
494,거창1호,경남 거창군 거창읍 대동리 697-5,경남,거창군
495,고성(경남),경남 고성군 고성읍 송학리 244-88,경남,고성군
496,구산,경남 김해시 구산동 275-8,경남,김해시
497,내동,경남 김해시 내동 138-1,경남,김해시
498,대청,경남 김해시 대청동 61-1,경남,김해시
499,부원봉황,경남 김해시 부원동 607-3,경남,김해시
500,삼계1호,경남 김해시 삼계동 1479-4,경남,김해시
501,삼방,경남 김해시 삼방동 691-2 한일상가 108호,경남,김해시
502,삼정,경남 김해시 삼정동 590-1,경남,김해시
503,어방,경남 김해시 어방동 523-2,경남,김해시
504,외동,경남 김해시 외동 1187-12,경남,김해시
505,율하(김해),경남 김해시 관동동 1106-5,경남,김해시
506,장유1호,경남 김해시 내덕동 220-1 101호,경남,김해시
507,주촌,경남 김해시 주촌면 천곡리 1381-14,경남,김해시
508,지내안동,경남 김해시 지내동 67-1,경남,김해시
509,진영,경남 김해시 진영읍 진영리 1629-2,경남,김해시
510,남해,경남 남해군 남해읍 서변리 160-11,경남,남해군
511,내일동,경남 밀양시 내이동 1566-6,경남,밀양시
512,삼문상남,경남 밀양시 삼문동 717-11,경남,밀양시
513,동금,경남 사천시 동금동 58-4,경남,사천시
514,벌용,경남 사천시 벌리동 255-9,경남,사천시
515,사남,경남 사천시 사남면 월성리 64-3,경남,사천시
516,사천,경남 사천시 사천읍 수석리 293-23,경남,사천시
517,산청,경남 산청군 산청읍 옥산리 249,경남,산청군
518,덕계,경남 양산시 덕계동 750,경남,양산시
519,물금,경남 양산시 물금읍 범어리 2682-10,경남,양산시
520,삼성,경남 양산시 북정동 885-12,경남,양산시
521,상북,경남 양산시 상북면 석계리 242-1,경남,양산시
522,서창1호,경남 양산시 삼호동 707-2,경남,양산시
523,석산,경남 양산시 동면 금산리 1422-14,경남,양산시
524,중앙(양산),경남 양산시 중부동 684-6,경남,양산시
525,증산(양산),경남 양산시 물금읍 가촌리 1269-3,경남,양산시
526,통도사,경남 양산시 하북면 순지리 814-5,경남,양산시
527,의령,경남 의령군 의령읍 서동리 497-9,경남,의령군
528,가호,경남 진주시 가좌동 1431-2,경남,진주시
529,금산(진주),경남 진주시 금산면 장사리 1022-1,경남,진주시
530,상대,경남 진주시 상대동 238-3,경남,진주시
531,상봉중앙,경남 진주시 중안동 2-11,경남,진주시
532,상평,경남 진주시 상평동 198-43,경남,진주시
533,신안평거,경남 진주시 신안동 439-7,경남,진주시
534,이현인사,경남 진주시 인사동 145-5,경남,진주시
535,초장,경남 진주시 초전동 1704-7,경남,진주시
536,칠암망경,경남 진주시 칠암동 491-47,경남,진주시
537,판문평거,경남 진주시 평거동 733-1번지,경남,진주시
538,하대초전,경남 진주시 하대동 306-38,경남,진주시
539,혁신(경남 진주),경남 진주시 충무공동 38-1 뽀빠이프라자 1층 113호,경남,진주시
540,남지,경남 창녕군 남지읍 남지리 994-7,경남,창녕군
541,창녕,경남 창녕군 창녕읍 송현리 238-1,경남,창녕군
542,문화중앙,경남 창원시 마산합포구 중앙동2가 5-42번지,경남,창원시
543,월영,경남 창원시 마산합포구 해운동 42-11,경남,창원시
544,자산교방,경남 창원시 마산합포구 자산동 301-19,경남,창원시
545,진동,경남 창원시 마산합포구 진동면 진동리 436,경남,창원시
546,창동산호,경남 창원시 마산합포구 산호동 338-35,경남,창원시
547,내서삼계,경남 창원시 마산회원구 삼계리 35-14,경남,창원시
548,석전회성,경남 창원시 마산회원구 석전동 264-56,경남,창원시
549,양덕(창원),경남 창원시 마산회원구 양덕2동 73-35,경남,창원시
550,호계,경남 창원시 마산회원구 내서읍 호계리 289-45,경남,창원시
551,회원,경남 창원시 마산회원구 회원2동 669-4,경남,창원시
552,남양,경남 창원시 성산구 가음동 7-2 더원빌딩 104호,경남,창원시
553,대방,경남 창원시 성산구 성주동 100,경남,창원시
554,반송(창원),경남 창원시 성산구 반지동 55-18,경남,창원시
555,사파,경남 창원시 성산구 사파동 113-16,경남,창원시
556,중앙(창원 성산),경남 창원시 성산구 중앙동 100-1,경남,창원시
557,감계,경남 창원시 의창구 북면 감계리 246-4,경남,창원시
558,도계명서,경남 창원시 의창구 도계동 396-9,경남,창원시
559,동읍,경남 창원시 의창구 동읍 용잠리 371-2,경남,창원시
560,봉곡사림,경남 창원시 의창구 봉곡동 132-18,경남,창원시
561,용지호수,경남 창원시 의창구 용호동 73-50,경남,창원시
562,중동소답,경남 창원시 의창구 서상동 666-6,경남,창원시
563,팔용,경남 창원시 의창구 팔용동 183-10,경남,창원시
564,석동덕산,경남 창원시 진해구 석동 139-6,경남,창원시
565,웅동용원,경남 창원시 진해구 용원동 1214-11,경남,창원시
566,중앙(진해),경남 창원시 진해구 여좌동 925-40,경남,창원시
567,태평,경남 창원시 진해구 수송동 12-11,경남,창원시
568,풍호,경남 창원시 진해구 풍호동 305-17,경남,창원시
569,미수봉평,경남 통영시 미수동 22-1번지 운하상가 115호,경남,통영시
570,북신무전,경남 통영시 무전동 1033-2,경남,통영시
571,죽림,경남 통영시 광도면 죽림리 1574-57 가동 103호,경남,통영시
572,함안,경남 함안군 가야읍 말산리 58-27,경남,함안군
573,함양,경남 함양군 함양읍 용평리 773-1,경남,함양군
574,합천,경남 합천군 합천읍 합천리 320-3,경남,합천군
575,대정,제주 서귀포시 대정읍 하모리 1048-4,제주,서귀포시
576,서귀포1호,제주 서귀포시 동흥동 117-6,제주,서귀포시
577,서귀포명동,제주 서귀포시 서귀동 408-3,제주,서귀포시
578,서귀포혁신도시,제주 서귀포시 강정동 166-10,제주,서귀포시
579,성산일출봉,제주 서귀포시 성산읍 성산리 362-1,제주,서귀포시
580,중문,제주 서귀포시 중문동 1965-9,제주,서귀포시
581,표선,제주 서귀포시 표선리 633-3,제주,서귀포시
582,건입,제주 제주시 일도2동 160-9,제주,제주시
583,노형,제주 제주시 노형동 1055-1,제주,제주시
584,도두해안도로,제주 제주시 도두1동 2625-4,제주,제주시
585,삼양화북,제주 제주시 화북1동 1023-2,제주,제주시
586,아라이도,제주 제주시 이도2동 1970-24,제주,제주시
587,외도하귀,제주 제주시 애월읍 하귀1리 167,제주,제주시
588,용담삼도,제주 제주시 용담2동 624-10 1층,제주,제주시
589,이도일도,제주 제주시 이도이동 1179-18,제주,제주시
590,제주1호,제주 제주시  연동 272-30,제주,제주시
591,탑동(제주),제주 제주시 삼도이동 1192-22,제주,제주시
592,한림협재,제주 제주시 한림읍 한림리 1582-8,제주,제주시
593,함덕,제주 제주시 조천읍 함덕리 1004-41,제주,제주시
